{
  "openai/qwen3.6-flash": {
    "max_tokens": 262144,
    "input_cost_per_token": 2.1256053620549378e-7,
    "cache_read_input_token_cost": 4.2512107241098756e-8,
    "output_cost_per_token": 1.2753632172329627e-6,
    "litellm_provider": "openai",
    "mode": "chat"
  }
}
